Trade Date,Action,Symbol,Quantity,Price,Fees & Comm,Amount,Account
03/01/2022,Deposit,,,,,"100,000.00",BRK-A-1001
03/15/2022,Buy,AAPL,50,150.00,1.00,"-7,501.00",BRK-A-1001
06/10/2022,Buy,MSFT,60,280.00,1.00,"-16,801.00",BRK-A-1001
09/01/2022,Buy,JNJ,35,160.00,1.00,"-5,601.00",BRK-A-1001
01/12/2023,Buy,SPY,30,420.00,1.00,"-12,601.00",BRK-A-1001
03/01/2023,Buy,TLT,50,95.00,1.00,"-4,751.00",BRK-A-1001
05/02/2023,Buy,MSFT,35,330.00,1.00,"-11,551.00",BRK-A-1001
02/20/2024,Sell,AAPL,10,190.00,1.00,"1,899.00",BRK-A-1001
05/16/2024,Qualified Dividend,AAPL,,,,9.60,BRK-A-1001
08/05/2024,Buy,NVDA,40,120.00,1.00,"-4,801.00",BRK-A-1001
01/10/2025,Buy,NVDA,20,135.00,1.00,"-2,701.00",BRK-A-1001
03/31/2025,Cash Dividend,SPY,,,,51.30,BRK-A-1001
06/30/2025,Service Fee,,,,25.00,-25.00,BRK-A-1001
